#{"t_start": 1761523887.2800107, "env_id": "None"}
r,l,t--22.533333,6,1.33-15.7,-8.133333,6,-10.06-15.-33.1333-6.13-5.333-11.-20.5,6-19.0-16.23-15.933333,-22.56-22.86-33.2,6,1.4-10.6---12.233333,-21.2,6,1-26-33.1,-52.76666-241.2,6,1.521-20.--15.6,6,1.549215
-29.866667,6,1.575742-0.4,6,1.596761
-25.1,6,1.629273
-29.4,6,1.659489
-12.633333,6,1.691595
-21.166667,6,1.72029
-20.866667,6,1.755397
-17.333333,6,1.77584.23-21.8,6,1.796716--28.3,6,1.824171--27.966667,6,1.84-23.96-19.8,6,1.87329
-26.833333,6,1.897491
-18.833333,6,1.92679-281.533333,6,1.-20.033-25.1,6,2.006988-7-17.233333,6,2.0305-13.-12.733333,6,2.0519-21.-3.1,6,2.067574.0.733333,6,2.09809--18.333333,6,2.11658-2--17.566667,6,2.1-16.333-8.2,6,2.15863-7--22.966667,6,2-8.43333--20.466667,6,-12.8666-2-17.366667,6,-34-10.93--9.03333-35.3666-40.9-11.53333-15.8666-23.36-16.5,6,2-13.-38.--6.433333,6,2.-10-35.4-33.833333,6,2-18.-12.0-20.0,6,2.388-28.-23.866667,6,2-31.9,6,2-11.06666-18.733333,6,-15.633333-32.433333,6,-20.0,6,2.-13.5666-29.966667,6,2.-24.1333-22.7,6,2.54602-14-15.666667,6,2.-15.5333-10.333333,6,2.0.03333-16.366667,6,-10.966667-3.066667,6,2-28.3,6,2-28.46666-36.333333,6,2-27.83333-26.666667,6,2-9.7-21.3-21.466667,6,-30.8-22.4-15.366667,6,-11.4-16.6-21.066667,6,-12.5333330.866667-12.0-4.66666-27.733333-21.-20.5,6,-16.0,6,2.-19.8,6-18.533333,-9.0,6,2.943-11.8-32.033333,6,2.97-37.03-15.466667,6,3.00-1.833-24.1,6,3.02-40.-1-35.733333,6,3.05-27.-2-34.2,6,3.09-28.-3-19.4,6,3.117665--30.4,6,3.139526--14.133333,6,3.16-24.7-36.733333,6,3.192-3-10-43.266667,6,3.-13.1666-24.066667,6-15-10.7666-17.9,6-19.6333-1-20.8,6,3.323-16-2-23.6,6,3.346546
-25.033333,6,3.3648-29.-21.4,6,3.3934-23.-17.266667,6,3.4232-6.1-8.5,6,3.435729
-12.933333,6,3.453643
-31.9,6,3.485706
-9.133333,6,3.50532-33-37.666667,6,3.53812-9.-12.166667,6,3.5679-30-3.5,6,3.586354-2.633333,6,3.2.8,6,-3-27.7333-12.66665.1,-25.733333,--27.16666-3-31.3-6.066-9.6,-6-35.2,6,3--15.3333-5.866667-31.430.2,6,3-38.23333-16.766667,-29-12.466661.0333-12.1,6,6.83333-13-17.0,6,3.8-1.5666-31.2,6,3.8411-13.-34.266667,6,3-5.166667-27.4,6,3.905-26.8-28.966667,6,3.933-17-3-1.4,6,3.989894
-5.733333,6,4.01528
-11.066667,6,4.0453-8.3-16.8,6,4.06554-20-32.133333,6,4.09174-4--26.8,6,4.114924--26.6,6,4.146878
-22.866667,6,4.171565
-6.933333,6,4.1961-7.8-28.9,6,4.213798
-36.2,6,4.242522
-21.133333,6,4.267983
-27.233333,6,4.290171
-6.133333,6,4.310732
-23.366667,6,4.333375
148.466667,5,4.35704-23-15.7,6,4.388115
3.033333,6,4.407918
0.866667,6,4.424468
-28.4,6,4.445307
-28.4,6,4.46789
-31.533333,6,4.487263
-23.833333,6,4.511771
-23.0,6,4.534614
-21.266667,6,4.562435
-21.566667,6,4.616639
-24.5,6,4.631527
-6.833333,6,4.673603
-17.4,6,4.696358
14.866667,6,4.715465
-14.633333,6,4.735737
-29.366667,6,4.773932
-12.9,6,4.799445
-19.233333,6,4.831085
-22.233333,6,4.861216
-15.366667,6,4.887-3.8,-37.466667,6-0.233333,6-14.566667,-26.6,6,4.93-5.633-15.8,6,4.9603-3-6-36.166667,6,-2-19.4666-10.266667,6,-1-22.2,6,-24.8666-6-37.333333,6,-3-24.0,6-25.2,6,5-31.6,6,5-22.53333-28.633333,6,5-11.33333-31.866667,6,-2.2,6,5.1-53.933-8.866667,6,5.18-25.26-20.833333,6,5.20-34.13-14.2,6,5.233101--11.9,6,5.262201
2.1,6,5.293027
-29.8,6,5.328302
-25.4,6,5.360425
-1.266667,6,5.381537
-26.766667,6,5.41-0.166-21.133333,6,5.4-23.066-6.666667,6,5.47-34.7,-14.833333,6-1.5,6,5.5-10.233-9.866667,6,5.53-9.7,6-24.366667,-34.2,6,5.57-20.33-22.733333,6,5.60-28.33-18.933333,6,5.62-26.36-22.233333,6,5.64-16.4,-26.766667,63.866667,6,-20.6,6,5.-19.0666-4.633333,6,5.7-58.533-27.2,6,5.760624-1-4.866667,6,5.785294--37.333333,6,5.816665--29.433333,6,5.84182
-13.4,6,5.858638
-27.2,6,5.883174
-19.4,6,5.904652
-16.933333,6,5.941799
157.8,5,5.956726
-12.866667,6,5.986659
-7.9,6,6.031394
-11.2,6,6.055125
3.6,6,6.07308
-54.566667,6,6.093632
-33.866667,6,6.120348
-8.1,6,6.142519
-43.466667,6,6.167186
-16.166667,6,6.182018
-10.733333,6,6.204675
10.066667,6,6.224395
-19.866667,6,6.244927
-11.733333,6,6.267033
-15.5,6,6.289288
-32.033333,6,6.312833
-26.666667,6,6.341624
-31.533333,6,6.36531
-5.2,6,6.386652
-34.6,6,6.412713
-20.366667,6,6.438284
1.3,6,6.46175
-22.233333,6,6.4825
-4.366667,6,6.497548
-3.766667,6,6.52991
-17.7,6,6.55611
-32.033333,6,6.578018
-3.533333,6,6.606559
-22.7,6,6.622793
-28.4,6,6.655053
-21.766667,6,6.678116
-26.166667,6,6.701813
-18.533333,6,6.724503
-12.0,6,6.755617
-3.533333,6,6.779305
-0.966667,6,6.800511
-10.733333,6,6.832113
-43.2,6,6.865586
-12.866667,6,6.882342
-8.066667,6,6.897112
-4.533333,6,6.913898
-18.466667,6,6.93809
-11.833333,6,6.960908
-27.8,6,6.99657
-28.9,6,7.017287
-14.866667,6,7.035383
-19.066667,6,7.053593
155.0,5,7.077856
-8.833333,6,7.105758
-22.366667,6,7.151835
-15.733333,6,7.181005
-12.5,6,7.214003
-18.933333,6,7.233892
-11.166667,6,7.255385
-18.6,6,7.281039
-27.833333,6,7.304277
-21.466667,6,7.337974
-20.5,6,7.365064
-33.5,6,7.388197
-25.1,6,7.403806
-28.833333,6,7.429882
-19.633333,6,7.459848
-2.3,6,7.488187
-10.7,6,7.52226
-32.066667,6,7.542638
-27.333333,6,7.561807
-19.6,6,7.587259
-35.433333,6,7.61386
-20.133333,6,7.642564
-11.4,6,7.663299
-17.666667,6,7.68948
170.3,3,7.69-6.133-40.633333,6,7.7-35.833-35.0,6,7.766108-3-28.666667,6,7.8-35.56-15.3,6,7.840235-1-34.033333,6,7.86678-9.-11.933333,6,7.89-18.96-4.3,6,7.919737
-8.0,6,7.93788
-24.433333,6,7.970816
-33.2,6,8.000429
-27.566667,6,8.02229
-22.733333,6,8.040699
-18.666667,6,8.071164
-28.0,6,8.093756
-15.366667,6,8.119864
-34.766667,6,8.142406
-23.933333,6,8.172165
-28.033333,6,8.202612
-18.133333,6,8.216619
-20.733333,6,8.243507
-31.3,6,8.265758
-12.633333,6,8.296561
-13.633333,6,8.32224
-26.0,6,8.350975
-26.166667,6,8.382635
152.933333,5,8.415018-2-42.033333,6,8.4-39.566-28.333333,6,8.4-24.433-24.733333,6,8.-27.0333-22.8,6,8.54472-24-22.133333,6,8.-19.0,6,-33.8333-31.366667,6,8.-13.0666-19.4,6,8.64440-12-4.4,6,8.665684-1-32.166667,6,8.690371-1-45.0,6,8.723757
-2.1,6,8.751228
-32.966667,6,8.780831
-19.466667,6,8.805275
-35.433333,6,8.83977
-17.533333,6,8.861726-1-20.933333,6,8.888553-2-26.1,6,8.9182.266-1.466667,6,8.9-24.5,6-14.266667,-15.366667,6-28.733333,-14.0,6,8.99-22.034.6,6,9.025502
-22.8,6,9.052981
-23.6,6,9.076221
9.433333,6,9.099279
-34.6,6,9.126472
-24.5,6,9.16761
9.566667,6,9.19137
-13.533333,6,9.215869
-30.2,6,9.24154
-25.433333,6,9.275996
-32.8,6,9.294161
-25.933333,6,9.314892
-15.966667,6,9.341486
9.033333,6,9.353859
-26.133333,6,9.380484
-17.433333,6,9.403465
-30.233333,6,9.426907
-12.4,6,9.453408
-21.3,6,9.484219
-16.8,6,9.512455
3.333333,6,9.538051
-28.233333,6,9.567791
-13.4,6,9.589756
12.033333,6,9.614767
-10.9,6,9.639735
-51.033333,6,9.657872
-26.8,6,9.698759
-44.433333,6,9.746229
-34.6,6,9.786969
6.166667,6,9.813589
-29.066667,6,9.855825
-28.033333,6,9.874559
-18.533333,6,9.897459
-26.033333,6,9.924453
-20.033333,6,9.956007
-12.9,6,9.979357
-29.9,6,10.006273
2.6,6,10.033103
-20.5,6,10.054183
-27.9,6,10.079592
-17.066667,6,10.09761
-9.4,6,10.123511
-19.1,6,10.157837
-22.466667,6,10.180722
-30.266667,6,10.210871
-18.333333,6,10.234581
-15.6,6,10.272654
7.566667,6,10.290013
-42.866667,6,16.944121
-3.666667,6,16.966245
-36.0,6,16.999504
-20.8,6,17.03001
-18.2,6,17.063272
-16.5,6,17.082335
-6.6,6,17.109743
-15.933333,6,17.145781
-33.533333,6,17.171926
-36.266667,6,17.194088
-28.733333,6,17.222256
-22.466667,6,17.257291
-36.5,6,17.285365
-29.4,6,17.313475
-5.1,6,17.330826
-30.9,6,17.361679
-10.233333,6,17.388615
-39.233333,6,17.409086
-20.0,6,17.428416
-30.233333,6,17.440621
-15.0,6,17.461989
-20.9,6,17.489751
-15.7,6,17.512033
-3.333333,6,17.537903
-17.366667,6,17.567146
-19.233333,6,17.594662
-10.366667,6,17.627476
-18.133333,6,17.654547
-8.6,6,17.678979
-20.866667,6,17.708836
-19.5,6,17.744169
-2.3,6,17.764562
-17.833333,6,17.805354
-14.766667,6,17.834347
-8.266667,6,17.860025
-16.633333,6,17.875676
-6.966667,6,17.905782
-2.0,6,17.92846
-11.633333,6,17.957794
-42.133333,6,17.980871
-30.933333,6,18.008647
-16.733333,6,18.034774
-23.933333,6,18.063556
-20.033333,6,18.094101
-1.433333,6,18.123088
-35.2,6,18.146999
-1.466667,6,18.17627
-34.2,6,18.197201
-8.933333,6,18.214433
-26.5,6,18.232594
-22.4,6,18.247856
-7.266667,6,18.26808
-17.5,6,18.293578
-25.933333,6,18.318268
-22.033333,6,18.335449
4.466667,6,18.360137
-23.733333,6,18.376555-3-26.833333,6,18.415127-3-10.133333,6,18.4-32.3,6-2.733333,6,-10.933333,-0.933333,6,1-3.4,6,18.-17.766-11.8,6,18.51038164-22.366667,6,18.53890-36-15.233333,6,18.56403-2-19.5,6,18.586719-1-15.733333,6,18.61579-22-4.266667,6,18.62.4,6,1-3.133333,-33.266667,6,-10.733333,-33.533333,6,-19.733333,-36.1,6,18.71-14.53-24.833333,6,18.74-41.36-34.566667,6,18.7-28.233-20.566667,6,18-8.833333-36.833333,6,1-35.433333-19.066667,6,1-26.5,6,18-31.13333-14.3,6,18.9219-26-39.0,6,18.945993
-13.233333,6,18.973-9.53-18.066667,6,19.00-14.26-22.133333,6,19.02-17.6,-30.633333,6,-3.133333,6-23.933333,6.766667,6,19-9.9,6,1-18.0,6,19-9.766667-37.1,6,19.168-12.66.866667,6,19.19531-14-36.0,6,19.21612
-40.133333,6,19.246849
-14.133333,6,19.27549--34.166667,6,19.309297--20.333333,6,19.34114--12.2,6,19.369434
-22.5,6,19.397119
-34.033333,6,19.43306
-13.4,6,19.468636
11.966667,6,19.492818
-39.133333,6,19.51823
-5.7,6,19.546224
-14.833333,6,19.564318
-10.7,6,19.616376
-35.433333,6,19.673947
-22.266667,6,19.699271
-11.733333,6,19.729075
-33.1,6,19.754884
-25.833333,6,19.783129
170.3,6,19.800606
-27.6,6,19.837768
-3.566667,6,19.860691
9.966667,6,19.879477
-15.7,6,19.895054
-3.8,6,19.924089
-36.266667,6,19.946878
-31.1,6,19.973812
-28.333333,6,20.001016
-13.633333,6,20.032771
-42.7,6,20.066283
-24.433333,6,20.092257
-17.8,6,20.121287
-23.3,6,20.147611
-14.133333,6,20.167165
-19.166667,6,20.19062
-25.633333,6,20.208525
-16.766667,6,20.232903
-26.433333,6,20.252687
-47.233333,6,20.27177
-34.333333,6,20.290851
-13.966667,6,20.314926
-9.766667,6,20.34245
-32.433333,6,20.368557
-26.833333,6,20.396053
-2.733333,6,20.422004
-43.033333,6,20.468904
-17.833333,6,20.496307
-15.033333,6,20.524323--41.233333,6,20.552321--32.233333,6,20.58-21.86-35.333333,6,20.61-36.76-38.3,6,20.65225
-25.933333,6,20.68-34.66-19.3,6,20.70981
-20.7,6,20.73556
-18.5,6,20.774693
12.166667,6,20.79767
-13.9,6,20.821332
-13.166667,6,20.836963
-12.766667,6,20.868579
-14.9,6,20.899055
-25.333333,6,20.918464
-10.033333,6,20.940704
-15.666667,6,20.96596
-25.233333,6,20.988467
-38.633333,6,21.014213
-25.1,6,21.033362
-30.533333,6,21.059-45.1-7.133333,6,21-4.233333-43.6,6,21.118-27.0-23.3,6,21.157-21.2-28.9,6,21.186325
-19.4,6,21.217904
-20.166667,6,21.243962
-40.033333,6,21.264113
-34.1,6,21.29143
-15.333333,6,21.3245-34.-18.7,6,21.3489-15.-24.466667,6,21.3765-30.-36.9,6,21.400795
-6.1,6,21.420659
-14.8,6,21.44061
-7.233333,6,21.459807
-33.7,6,21.482666
-30.866667,6,21.502714
-33.966667,6,21.521625-1-36.2,6,21.547156-2-38.066667,6,21.5-16.733-22.333333,6,21.5-4.7,6,-25.966667,-35.233333,6,-7.566667,60.4,6,21.675-11.9-22.566667,6,2-28.833333178.0,4,21.736-21.-26.2,6,21.783015
-10.866667,6,21.828152
-8.833333,6,21.857137
-32.133333,6,21.886979
-3.9,6,21.911735
-40.133333,6,21.935568
-31.3,6,21.964335
-28.5,6,21.988002
-28.833333,6,22.02003
-34.5,6,22.046129
-28.733333,6,22.072399
179.0,2,22.-25.2,6,-31.2,6,22-27.46666-9.9,6,22.126010.1-22.233333,6,22.153-39.1-5.633333,6,22.1740-13.-6.966667,6,22.19887-3.-24.766667,6,22.2199-39.-6.3,6,22.23649-2-17.866667,6,22.257224.6-16.433333,6,22.281-26.9-53.0,6,22.312-19.1-19.766667,6,2-9.5,6,2-17.9,6,22-16.8,-28.133333,6,-23.033333,-32.533333,6,-28.333333,-26.333333,6,-11.9,6,22.12.2,6,2-25.566667-9.966667,6,22-1.46666-19.8,6,22.5152-21.-24.666667,6,22-9.8,6,2-31.966667-17.4,6,22.5-13.6,6-27.366667,6-26.6,6,22.6-8.8333-39.3,6,22.64551-12-19.4,6,22.674417
-8.266667,6,22.702999
-24.533333,6,22.730899
-29.666667,6,22.747966-1-15.533333,6,22.769076-1-19.333333,6,22.787563-2-1.1,6,22.80805
-6.0,6,22.829452
-12.7,6,22.852924
-11.2,6,22.865108
3.4,6,22.895143
-2.333333,6,22.911188
-21.1,6,22.931275
-22.466667,6,22.962236
-8.5,6,22.983105
-10.866667,6,23.005271
-28.333333,6,23.040453
-24.666667,6,23.078093
12.466667,6,23.09943
-41.033333,6,23.12749
-3.433333,6,23.147355
-23.633333,6,23.17383
-30.2,6,23.196507
-45.266667,6,23.230492-1-33.166667,6,23.257012-215.4,6,23.278394--11.666667,6,23.305012-1-5.966667,6,23.3-35.1,6-14.766667,6-21.4,6,23.326.2,6,-5.266667,6-34.666667,6-22.633333,6-31.733333,6-38.0,6,23.4-17.2330.166667,6,23.441-9.8317.933333,6,23.45-36.4,-19.9,6,23.48-13.46-27.666667,6,23.50-19.966.633333,6,23.5373-5.7-15.833333,6,23.567-11.4-28.833333,6,2-18.633333-22.866667,6,-28.3,6,23.-21.8,6,-39.966667,-31.733333,6,-28.733333,-18.9,6,23.72-26.56-1.366667,6,23.758-22.3-34.6,6,23.790545
-25.533333,6,23.818852
-19.1,6,23.851486--20.8,6,23.867992--27.4,6,23.89531
-27.4,6,23.931752
-29.4,6,23.960237
-17.333333,6,23.986905
-13.6,6,24.015081
-8.1,6,24.044312
15.733333,6,24.075648
17.1,6,24.103397
-21.1,6,24.122314
-10.733333,6,24.144957
3.133333,6,24.167347
-35.333333,6,24.191814
-26.533333,6,24.219148
-19.9,6,24.244353
-33.366667,6,24.277311
4.666667,6,24.31203
-34.7,6,24.339732
-23.766667,6,24.367103
-19.3,6,24.405329
-10.833333,6,24.432268
-24.9,6,24.456273
-23.866667,6,24.478915
-23.533333,6,24.49754
-13.133333,6,24.52925
-21.166667,6,24.554878
-30.066667,6,24.580078
-17.6,6,24.605086
-30.066667,6,24.633347
-31.633333,6,24.65505
-3.5,6,24.685546
-31.966667,6,24.708452
-14.7,6,24.739972
-17.166667,6,24.769071
-4.1,6,24.795724
-21.0,6,24.82492
-19.533333,6,24.847426
-20.166667,6,24.874768
-38.633333,6,24.899392
-16.933333,6,24.92898
-3.4,6,24.957709
-28.733333,6,24.98735
-23.233333,6,24.997879
-12.666667,6,25.032095
-23.533333,6,25.06942
-27.266667,6,25.10240-12-31.533333,6,25.12705-30-27.5,6,25.153126.8-28.033333,6,2-15.2,6,2-37.7666672.533333,6,25.-25.0666-9.433333,6,25.2-24.1,6-23.566667,-3.8,6,25.283-12.-24.166667,6,25-2.0,6,25-18.06667.1,6,25.340942--55.5,6,25.369315
-32.133333,6,25.38808
-18.933333,6,25.41-34.4-21.933333,6,25.440-19.0-28.4,6,25.473666
-28.5,6,25.496349
-34.3,6,25.513425
-24.833333,6,25.538379-2-24.5,6,25.557729
-24.833333,6,25.573861-9-11.666667,6,25.60323-3.-5.666667,6,25.6248-29.-17.566667,6,25.6518-18.-12.633333,6,25.7070-16.-31.2,6,25.7608-21.-42.2,6,25.7997-26.-0.4,6,25.826525
-17.666667,6,25.85693-39-14.7,6,25.88513-3-34.566667,6,25.908702-2-26.4,6,25.930418-1-11.233333,6,25.-48.0,6,-31.533333,-28.5,6,25.97-17.63-18.833333,6,32.16-16.86-12.533333,6,32.18-15.63-20.966667,6,32.21-25.66-18.466667,6,32.21.5,6,3-24.1,6,32-22.4666-7.066667,6,32.2-15.333-36.166667,6,32.3-4.8666-32.2,6,32.32212-73.3,6,32.344202
19.533333,6,32.373309
-23.4,6,32.392635
-32.966667,6,32.42318--20.066667,6,32.435724--21.3,6,32.458854--20.033333,6,32.49-34.43-41.033333,6,32.52-1.233-4.833333,6,32.55-16.8,-10.6,6,32.57-18.6-29.233333,6,3-23.7,6,32-27.43333-14.966667,6,32-12.26666-25.533333,6,32-36.9,6,34.166667,6-2.466667,6,-35.1,6,32.-27.0333-8.866667,6,32.7-25.933-1.6,6,32.755828-0.333333,6,32.779724
-39.333333,6,32.805262
-15.366667,6,32.8207-4.5-21.066667,6,3-3.466667,-4.433333,6,3-16.033333-10.466667,6,3-19.433333-27.8,6,32.9103.833-28.8,6,32.9324442.-17.866667,6,32-23.2,6,3-25.6,6,32-35.66666-18.733333,6,32-20.3,6,3-17.833333-34.1,6,33.016-5.33-19.966667,6,33.0-25.9,6-39.233333,6-15.466667,6-20.9,6,33.1-32.366-19.733333,6,33.16.53333-7.6,6,33.1666-20.-1.666667,6,33.19839-17-29.666667,6,33.-15.033333,6,33.246033
-1.7,6,33.268889
-34.366667,6,33.292022
-15.8,6,33.312605
-21.7,6,33.334792
-34.366667,6,33.360141
-23.766667,6,33.394694
-16.766667,6,33.421871
-8.766667,6,33.438083--14.7,6,33.466051--36.733333,6,33.4-23.133-2.033333,6,33.52-20.13-23.766667,6,33.55-12.73-27.166667,6,33.58-19.7,-13.9,6,33.59-0.833-25.4,6,33.627956-1-34.766667,6,33.655385-1-22.033333,6,33.675347-9-9.333333,6,33.705556-1-19.166667,6,33.74218--10.133333,6,33.8033
-33.766667,6,33.839-32.8-10.7,6,33.866523
-8.966667,6,33.891928
-13.566667,6,33.919-14.866667,6,33.93188
-24.8,6,33.952677
-17.9,6,33.974622
-18.733333,6,33.987964
-30.9,6,34.010833
6.433333,6,34.037644
-11.0,6,34.065884
4.366667,6,34.086032
-21.933333,6,34.108677
-19.233333,6,34.126193
7.1,6,34.145881
6.2,6,34.168703
-23.966667,6,34.191683
-29.2,6,34.220778
-31.2,6,34.252645
-25.9,6,34.277651
-28.466667,6,34.300483
-23.5,6,34.316249
-4.7,6,34.333212
-12.7,6,34.366752
-12.3,6,34.386302
-13.0,6,34.425851
-25.0,6,34.451936
-22.533333,6,34.481379
-12.733333,6,34.512879
-24.933333,6,34.528405
-36.133333,6,34.54888
2.666667,6,34.558682
-11.1,6,34.578171
-16.733333,6,34.599421
-11.866667,6,34.613575
168.-14.3,6,34.645289
-35.166667,6,34.670512
-36.5,6,34.698986
-18.633333,6,34.719198
-9.6,6,34.740007
-21.633333,6,34.762357
-33.766667,6,34.788473
-6.866667,6,34.818128
-35.0,6,34.848443
-30.9,6,34.866941
-16.966667,6,34.890649
-14.833333,6,34.919209
-42.866667,6,34.943422
-29.4,6,34.965526
18.3,6,34.999357
-12.766667,6,35.022667
-28.3,6,35.062786
-25.6,6,35.09237
-15.8,6,35.136493
-31.066667,6,35.164537
-31.966667,6,35.188978
-3.1,6,35.212492
-21.2,6,35.23841
-26.933333,6,35.262538
-42.2,6,35.280556
-34.5,6,35.307866
-17.066667,6,35.328426
-27.033333,6,35.343363
1.6,6,35.362917
-16.033333,6,35.390928
-20.166667,6,35.41144
-1.933333,6,35.437848
-25.2,6,35.453974
-41.133333,6,35.486741
-14.466667,6,35.505144
-1.566667,6,35.518938
-9.1,6,35.533023
-28.066667,6,35.559903
-37.233333,6,35.588904
-16.366667,6,35.618895
-25.6,6,35.643912
-27.466667,6,35.670346
-20.533333,6,35.6885
-27.8,6,35.71101
-25.6,6,35.73584
-0.6,6,35.76207
-8.9,6,35.78168
-10.1,6,35.811267
-21.233333,6,35.833181
-27.4,6,35.861045
-15.933333,6,35.886212
-15.433333,6,36.320372
-33.866667,6,36.343978
-20.433333,6,36.370697
-26.033333,6,36.396366
-26.966667,6,36.417701
-38.266667,6,36.446276
-43.033333,6,36.48362
162.0,1,36.489786
-20.433333,6,36.516712
-6.8,6,36.53892
-35.666667,6,36.560027
-27.333333,6,36.58923
-19.666667,6,36.609559
-28.733333,6,36.631942
-23.866667,6,36.675601
-14.1,6,36.695482
-2.466667,6,36.713622
-18.0,6,36.73527
-29.2,6,36.764913
-22.533333,6,36.792258
8.433333,6,36.821864
-34.366667,6,36.85308
-30.033333,6,36.882896
-28.466667,6,36.903747
2.833333,6,36.928425
-15.7,6,36.953333
-23.6,6,36.985131
-39.9,6,37.017086
-26.833333,6,37.045317
-36.1,6,37.07111
-27.333333,6,37.095542
-24.8,6,37.132125
-25.333333,6,37.163357
-14.9,6,37.18368
-5.2,6,37.209
-3.3,6,37.234382
-30.633333,6,37.252736
-7.933333,6,37.274193
-26.266667,6,37.295226
-5.566667,6,37.328913
-10.233333,6,37.385431
-53.566667,6,37.466144
-20.566667,6,37.518367
-12.366667,6,37.565296
-23.666667,6,37.621273
-40.4,6,37.698679
165.2,3,37.714104
-3.5,6,37.742128
-34.833333,6,37.798352
-7.866667,6,37.840525
-1.166667,6,37.8646
-18.466667,6,37.885688
-11.033333,6,37.922474
-6.133333,6,37.947264
-11.933333,6,37.974977
3.933333,6,37.996466
7.5,6,38.011418
-15.366667,6,38.038817
-3.733333,6,38.068813
-25.1,6,38.096892
0.266667,6,38.124664
-8.933333,6,38.147989
-19.833333,6,38.176698
-12.833333,6,38.208746
-27.166667,6,38.24625
-38.633333,6,38.26874
-29.966667,6,38.290757
-20.566667,6,38.316071
-35.333333,6,38.346593
-22.633333,6,38.371761
-14.266667,6,38.40183
-14.833333,6,38.426523
-26.433333,6,38.457102
-39.966667,6,38.486835
-33.7,6,38.513523
-27.5,6,38.539091
-17.1,6,38.568193
-22.133333,6,38.58783
-14.3,6,38.605969
-33.533333,6,38.629899
-18.0,6,38.644277
4.466667,6,38.6709
-14.433333,6,38.695092
-22.3,6,38.716004
-24.333333,6,38.741058
-35.5,6,38.7775
-25.766667,6,38.80466
-32.6,6,38.836828
-9.933333,6,38.860069
-31.166667,6,38.899842
-26.733333,6,38.934725
-15.4,6,38.963776
-15.433333,6,38.990418
0.8,6,39.017114
-15.366667,6,39.041062
-29.8,6,39.065099
-24.633333,6,39.091411
-27.966667,6,39.119354
-14.8,6,39.144731
-6.166667,6,39.171275
-24.266667,6,39.198486
-1.933333,6,39.237525
-22.766667,6,39.281292
14.533333,6,39.3238
-11.6,6,39.357825
-13.0,6,39.400456
-15.033333,6,39.454442
-17.666667,6,39.502991
-24.766667,6,39.561661
-36.733333,6,39.595333
-12.8,6,39.621065
-15.233333,6,39.66444
-22.2,6,39.70483
-15.533333,6,39.760884
-39.3,6,39.822683
-28.033333,6,39.859843
-33.533333,6,39.898869
-19.733333,6,39.922787
-27.233333,6,39.955583
-18.433333,6,39.980176
-31.7,6,40.011254
-30.966667,6,40.037434
-21.333333,6,40.064346
-23.2,6,40.093352
-26.9,6,40.130632
20.2,6,40.15222
-27.766667,6,40.174809
-28.666667,6,40.198061
-37.233333,6,40.230842
-22.1,6,40.253532
-36.333333,6,40.27554
-15.5,6,40.305075
-9.266667,6,40.329764
12.0,6,40.35625
-1.966667,6,40.376421
-27.2,6,40.398299
-31.533333,6,40.430765
-28.533333,6,40.458025
-4.566667,6,40.484324
-25.8,6,40.517759
-14.7,6,40.542141
-20.266667,6,40.571545
-17.733333,6,40.59576
-9.2,6,40.62924
-12.533333,6,40.665066
-13.933333,6,40.705519
-13.266667,6,40.74244
-25.5,6,40.777819
-26.433333,6,40.812408
-33.533333,6,40.856929
-27.0,6,40.897712
-31.166667,6,40.928767
-11.766667,6,40.969635
5.966667,6,41.011584
-23.533333,6,41.048979
10.0,6,41.08333
-37.666667,6,41.116321
-15.233333,6,41.158616
-35.433333,6,41.190423
-6.7,6,41.230264
-13.9,6,41.267053
-17.466667,6,41.307873
-26.666667,6,41.34997
-19.833333,6,41.382637
-15.266667,6,41.424467
-27.4,6,41.454906
-14.266667,6,41.477449
-26.066667,6,41.505642
-25.1,6,41.542922
-37.333333,6,41.576252
-14.733333,6,41.61401
-8.033333,6,41.644187
-33.866667,6,41.68641
-15.9,6,41.735949
-20.4,6,41.792781
-22.2,6,41.840797
-37.733333,6,41.889253
-31.533333,6,41.92079
-22.6,6,41.942935
-28.566667,6,41.96982
-23.833333,6,41.993441
-7.133333,6,42.028146
-16.933333,6,42.057415
-2.566667,6,42.08091
-16.666667,6,42.099119
-33.533333,6,42.12425
-42.366667,6,42.15757
-11.6,6,42.179981
-32.8,6,42.214332
4.966667,6,42.265666
-10.2,6,42.308913
-30.566667,6,42.345717
-26.4,6,52.194413
-12.866667,6,52.221149
-13.666667,6,52.244291
-16.533333,6,52.266556
-0.833333,6,52.288581
8.633333,6,52.310172
-11.133333,6,52.335252
2.233333,6,52.351337
-14.466667,6,52.377
-6.333333,6,52.406231
-5.133333,6,52.426353
-24.333333,6,52.442671
-16.933333,6,52.460839
-7.133333,6,52.48068
-13.333333,6,52.508087
-32.933333,6,52.534916
-20.666667,6,52.554812
5.0,6,52.569212
-31.066667,6,52.597732
-25.833333,6,52.624481
-36.8,6,52.65008
-11.5,6,52.669056
-40.7,6,52.704232
-37.5,6,52.733636
-8.966667,6,52.763098
-27.833333,6,52.788818
-6.333333,6,52.81492
-19.066667,6,52.829856
-9.866667,6,52.854687
-20.5,6,52.878559
-36.166667,6,52.895413
-25.833333,6,52.924098
-9.8,6,52.940438
-6.033333,6,52.960128
11.3,6,52.980445
-15.066667,6,53.019565
3.5,6,53.051787
-30.966667,6,53.07724
-23.366667,6,53.10147
-34.0,6,53.133824
-8.833333,6,53.145758
165.566667,6,53.170759
-11.2,6,53.19648
-13.033333,6,53.214333
-2.533333,6,53.23509
-2.566667,6,53.261408
-4.9,6,53.285247
-6.333333,6,53.324698
-24.5,6,53.362445
-25.566667,6,53.394382
-26.1,6,53.411565
-23.066667,6,53.436274
-26.333333,6,53.457346
-28.466667,6,53.479346
-2.8,6,53.511553
-36.333333,6,53.540512
-19.666667,6,53.561694
-8.8,6,53.588086
-8.466667,6,53.622434
-34.666667,6,53.659227
-31.233333,6,53.702304
-13.533333,6,53.739848
3.033333,6,53.765274
19.633333,6,53.796159
-35.433333,6,53.833703
-33.033333,6,53.880631
-26.166667,6,53.915996
-2.7,6,53.939618
-25.966667,6,53.963737
-19.833333,6,53.983242
-32.366667,6,54.009
-18.266667,6,54.033557
-2.933333,6,54.111827
-19.133333,6,54.162262
-7.1,6,54.197133
-19.866667,6,54.219227
-28.333333,6,54.240151
-39.066667,6,54.272726--23.533333,6,54.287648-2-20.0,6,54.312939
-33.966667,6,54.336321
-24.3,6,54.34811
-7.466667,6,54.366244
-27.8,6,54.396629
-27.233333,6,54.425638
-27.5,6,54.451663
-21.666667,6,54.487873
180.9,2,54.491-20.6-8.133333,6,548.8,6,54.-25.3666-45.033333,6,54.-10.1,6,-31.8,6,54.-23.2333-27.833333,6,54.-3.8,6,5-33.7,6,54-6.466667-14.933333,6,5-14.8,6,54-14.76666-9.266667,6,54.-33.0333-53.1,6,54.7022-30.-5.733333,6,54.7437-7-35.6,6,54.76376-8.-6.633333,6,54.78774-28-26.3,6,54.813229
-11.633333,6,54.836913
-33.133333,6,54.854511
-22.866667,6,54.871179
-28.066667,6,54.882-5.63-14.966667,6,54.90-11.03-26.9,6,54.9348222-18.766667,6,54.961963.1-21.466667,6,54.983-22.4-16.733333,6,55.009-21.5-19.633333,6,55.03-19.2,-33.066667,6,-13.6,6,55.-26.966-19.066667,6,55.0-9.8666-30.3,6,55.11418-21-6.366667,6,55.1-40.13-29.8,6,55.160769--12.533333,6,55.17-14.3,-31.766667,6,-21.2,6,55.-33.433310.366667,6,55.2-6.4666-14.3,6,55.27950-26-14.166667,6,55.-21.9,6-33.3,6,55.3-15.8,6-20.566667,64.366667,6,5-0.066667,-20.133333,6,-29.333333,-2.366667,6,5-30.0,6,55-20.03333-24.8,6,55.4532-27.-20.9,6,55.4755-25.-7.4,6,55.49454.4,-28.2,6,55.51-3.5,6-0.3,6,55.53-11.46-23.733333,6,55.55-31.13-24.0,6,55.578376--1.866667,6,55.60248
-6.033333,6,55.6232124.-20.8,6,55.651853
-33.433333,6,55.67823
-35.1,6,55.711957
177.833333,6,55.739545
-18.033333,6,55.770029
-26.8,6,55.801601
-39.466667,6,55.834177
-33.5,6,55.861667
-20.666667,6,55.889705
-19.466667,6,55.910044
-27.3,6,55.939298
-5.5,6,55.975583
-16.233333,6,55.993819
-5.566667,6,56.020123
-23.066667,6,56.042253
9.066667,6,56.062015
-35.166667,6,56.08712
3.166667,6,56.10415
-1.733333,6,56.132695
-8.466667,6,56.156806
-12.9,6,56.189282
-41.033333,6,56.210639
9.466667,6,56.238457
-20.666667,6,56.25902
-13.333333,6,56.281522
-38.566667,6,56.303355
-18.1,6,56.326598
-22.7,6,56.346058
-3.833333,6,56.363065
-27.233333,6,56.389541
-24.133333,6,56.411646
-28.333333,6,56.440646
-28.266667,6,56.465768
-17.866667,6,56.489492
-12.566667,6,56.509153
-35.066667,6,56.533856
-9.1,6,56.564998
-27.933333,6,56.592498
-9.533333,6,56.610028
-17.333333,6,56.63151-21-4.066667,6,56.66366-183.466667,6,56.69-31.46-23.966667,6,56.72-14.7,-17.5,6,56.75-12.9,-12.133333,6,-30.233333,-38.133333,6,-31.633333,-33.466667,6,-11.066667,-22.3,6,56.85-24.73-23.4,6,56.867301--21.466667,6,56.89-37.3-8.466667,6,56-11.7,6,5-20.833333-23.633333,6,2.266667,6,-24.433333,-27.333333,6,-17.933333-12.2,6,57.016-14.0-29.133333,6,5-0.666667,-23.833333,6,-18.366667-18.2,6,57.0813.533-4.0,6,57.107554-2-26.733333,6,57.-39.4666-11.133333,6,57.-35.8333-30.233333,6,57-15.2,6,5-5.033333,-15.2,6,57.24-15.5,-32.133333,6,-9.5,6,57.2-28.233-11.366667,6,57.3-7.8,6,-21.2,6,57.-32.4,63.233333,6,5-40.633333-24.366667,6,-53.266667,-20.233333,6,-33.333333,-15.2,6,57.4-22.3,6-41.7,6,57.4-19.1,6-16.033333,6-14.466667,6-1.5,6,57.52-11.6,-21.633333,6,-13.766667,-20.366667,6,-24.7,6,57.-6.1666-16.066667,6,57.-26.6666-32.8,6,57.63324-31162.5,4,57.651404
-33.466667,6,57.6796-36.-12.666667,6,57.7152-15.4.4,6,57.753347
-32.833333,6,57.777365-2-12.633333,6,57.805416-6-23.2,6,57.8219-5.7-11.533333,6,57.851-12.0-5.3,6,57.876021
-24.3,6,57.89205
-6.733333,6,57.923647
-9.4,6,57.943843
-30.966667,6,57.972717
-11.866667,6,57.988066
-6.5,6,58.008852
-28.6,6,58.034728
-38.9,6,58.058985
-16.333333,6,58.078377
-13.366667,6,58.102026
-26.333333,6,58.128242
-8.466667,6,58.141944-7-30.566667,6,58.15999-23-13.233333,6,58.18259-19-11.166667,6,58.-29.6,6,-20.733333,-32.3,6,58.23-3.633-40.066667,6,58.2-22.3,-20.166667,6,-12.8,6,58-25.2,6,5-24.7,6,58-26.4,6,55.233333,6-29.666667,6-34.533333,-1.2,6,58.374-13.3-26.833333,6,58.401.8,6,-25.533333,-25.433333,6,-17.8,6,58.-21.5,6,-21.7,6,58.-20.6333-39.566667,6,58.-25.6333-21.633333,6,58.0.366667-8.0,6,58.5493-24.-32.133333,6,58-8.333333-12.466667,6,5-10.3,6,58-13.53333-28.333333,6,58-40.73333-19.733333,6,58-24.43333-28.4,6,58.6996-5.1-12.833333,6,58.533333,6-25.6,6,58.7-27.733-45.1,6,58.777087-1-33.533333,6,58.7961520.-16.233333,6,58.8315-17.-33.6,6,58.862594
-37.166667,6,58.8832-23.-33.533333,6,58.9120-0.4-32.566667,6,58.94-24.8,-1.933333,6,5-27.8,6,58-28.76666-10.333333,6,59-21.66666-18.1,6,59.0356-25.0.433333,6,59.053745-8-0.833333,6,59.093517-10.3,6,59.124969
-22.2,6,59.150247
-15.2,6,59.182112
-18.566667,6,59.213658
-19.6,6,59.235845
-22.366667,6,59.263257
-8.6,6,59.289693
-31.4,6,59.303213
-23.433333,6,59.323825
14.666667,6,59.34549-22-11.766667,6,59.37665-2-10.933333,6,59.3-2.9333-27.0,6,59.42056-18-52.1,6,59.452132
-26.333333,6,59.477593
-33.266667,6,59.499534
-25.333333,6,59.52412-13-13.3,6,59.540581
-4.466667,6,59.566675
-17.666667,6,59.594543
-24.466667,6,59.6223-19.-6.333333,6,59.64491-8.-37.333333,6,59.6662-2.6-3.333333,6,59.6894-10.-28.5,6,59.7191-7.2-16.933333,6,59.749-20.1-34.133333,6,59.782-23.3-22.1,6,59.809-39.7.966667,6,59.8-20.066-31.466667,6,59.8-18.4,6-20.233333,6-10.033333,6-18.666667,6-1.4,6,59.90-2.7,6-34.3,6,59.9-9.0333-26.666667,6,59.-24.8333-26.566667,6,59.-30.5333-19.533333,6,60.3.666667-11.666667,6,60.03735
-19.0,6,60.071661
-18.533333,6,60.101169
-22.733333,6,60.124239
-29.033333,6,60.150767
-16.933333,6,60.173856
-20.566667,6,60.20219
-24.433333,6,60.231752
-17.433333,6,60.253733
-32.133333,6,60.274504
-49.433333,6,60.301171
-9.5,6,60.326132
-16.533333,6,60.35296-110.066667,6,60.372918--28.166667,6,60.3952119.-4.033333,6,60.40734-341.033333,6,60.432628--20.966667,6,60.4-23.0-20.033333,6,60.478-14.-1.833333,6,60.-30.5666-32.2,6,60.55501-4.-14.966667,6,60.5747-14.-24.7,6,60.607767
-19.2,6,60.6288
-7.2,6,60.654481
-16.866667,6,60.686035
-35.366667,6,60.71174
-19.3,6,60.733951
-26.1,6,60.752909
-22.433333,6,60.779312
1.1,6,60.807598
-21.4,6,60.832608
-12.0,6,68.48489
-19.933333,6,68.502754
-23.066667,6,68.529256
-16.666667,6,68.558422
2.633333,6,68.578488
-27.0,6,68.61742
-51.866667,6,68.635225
5.1,6,68.659129
-5.633333,6,68.68365
-41.633333,6,68.724728
-22.566667,6,68.752988
-28.333333,6,68.775278
-26.1,6,68.797376
-35.566667,6,68.819652
-16.2,6,68.836535
-36.933333,6,68.857203
-3.0,6,68.879795
-30.8,6,68.905898
-11.566667,6,68.924395
-22.866667,6,68.950657
2.133333,6,68.974879
-8.333333,6,68.996607
-31.3,6,69.008961
167.9,3,69.028397
-20.333333,6,69.048977
-7.366667,6,69.067376
-5.233333,6,69.090907
-15.033333,6,69.117098
1.0,6,69.1419
-13.766667,6,69.157902
-25.633333,6,69.195302
-18.233333,6,69.221628
-16.833333,6,69.240527
-30.8,6,69.294735
-27.5,6,69.334298
-19.066667,6,69.363161
-21.2,6,69.388102
-5.6,6,69.40896
-0.533333,6,69.431677
-14.066667,6,69.456248
-5.366667,6,69.485245
-21.2,6,69.508748
-12.233333,6,69.524904
-15.466667,6,69.547474
-30.166667,6,69.572795
-36.066667,6,69.591119
-20.333333,6,69.614144
-30.466667,6,69.669859
-9.466667,6,69.705709
-9.833333,6,69.733102
-23.066667,6,69.767324
-9.966667,6,69.795785
-9.733333,6,69.821048
-26.833333,6,69.847022-1-0.266667,6,69.8-15.4,6-0.8,6,69.89-1.46-8.566667,6,69.924-25.7-27.666667,6,69.947541
-18.466667,6,69.972295
-13.5,6,69.984415
-30.4,6,70.00811
23.0,6,70.033194
-21.8,6,70.062419
-21.2,6,70.087435
-24.233333,6,70.103882
-17.933333,6,70.127743
-9.8,6,70.145866
6.666667,6,70.163463
-17.0,6,70.184469
-4.8,6,70.206078
-8.633333,6,70.22906
-9.5,6,70.247334
-21.166667,6,70.271669
0.233333,6,70.291367
-12.266667,6,70.310674
-16.0,6,70.327425
-30.633333,6,70.349185
-21.966667,6,70.36213
-38.6,6,70.383566
-27.966667,6,70.405806
-16.466667,6,70.450488
-2.3,6,70.479858
-1.8,6,70.502589
-9.733333,6,70.526398
-16.4,6,70.552736
-28.9,6,70.58217
-33.366667,6,70.605258
-25.2,6,70.631421
-33.7,6,70.657415
-7.033333,6,70.672694
-27.333333,6,70.693238
-2.3,6,70.714184
-13.4,6,70.737504
-30.233333,6,70.759336
-20.166667,6,70.783571
-25.833333,6,70.808884
-26.666667,6,70.840216
-20.233333,6,70.860544
-9.1,6,70.886545
-22.066667,6,70.904037
-15.833333,6,70.92896
-23.2,6,70.95256
10.7,6,70.975404
-34.7,6,70.996386
-33.166667,6,71.013161
-16.066667,6,71.046546
19.8,6,71.06478
-31.7,6,71.09269
-27.5,6,71.115687
-39.466667,6,71.143738
-17.766667,6,71.1677
-29.633333,6,71.204251
-13.0,6,71.228765
19.0,6,71.251913
-3.733333,6,71.273737
-36.766667,6,71.299682
-19.466667,6,71.321519
-10.033333,6,71.33813
-21.033333,6,71.362724
4.666667,6,71.380581
-17.433333,6,71.401878
-36.833333,6,71.426014
-17.133333,6,71.447677
-28.2,6,71.472538
-9.666667,6,71.487703
-27.4,6,71.511621
-38.333333,6,71.536972
-32.933333,6,71.566404
-28.466667,6,71.592355
-30.8,6,71.625733
-30.933333,6,71.670407
-14.533333,6,71.688956
-18.933333,6,71.712095
-22.633333,6,71.727948
-23.466667,6,71.752552
-15.166667,6,71.768917
-3.066667,6,71.799822
-5.066667,6,71.825445
-33.933333,6,71.853584
-9.466667,6,71.876142
-35.0,6,71.897619
-41.366667,6,71.926011
-29.666667,6,71.948721
-4.0,6,71.969405
1.333333,6,71.990375
-25.066667,6,72.022581
-25.6,6,72.034305
14.166667,6,72.054217
-17.833333,6,72.079118
-15.4,6,72.102276
167.7,6,72.128712
-13.566667,6,72.153092
-24.4,6,72.177706
-28.1,6,72.194345
-14.4,6,72.21407
-38.4,6,72.24946
-17.733333,6,72.272222
-26.566667,6,72.299685
-4.433333,6,72.322477
-12.433333,6,72.353729
-15.933333,6,72.378411
-37.466667,6,72.394543
-21.8,6,72.422324
6.533333,6,72.443237
-17.833333,6,72.469876
-24.866667,6,72.497576
-18.033333,6,72.528681-2-14.833333,6,72.549258-2-34.433333,6,72.5-33.2,6-25.6,6,72.6-20.833-16.6,6,72.618438-1-17.166667,6,72.6-7.6666-23.066667,6,72.-11.5,6,-20.233333,-10.466667,6,-29.4,6,72-29.66666-38.9,6,72.7184-1.6-13.466667,6,72.739-23.6-19.9,6,72.768517
-18.433333,6,72.798051-1-18.266667,6,72.822068-4-31.766667,6,72.85655-253.5,6,72.873077-2-19.333333,6,72.8-23.2,6-5.566667,6,-10.833333,-35.033333,6,-22.033333,-22.5,6,72.97-24.46-0.2,6,72.993874
-13.333333,6,73.016-0.26-24.766667,6,73.03-41.7,-36.933333,6,-34.033333,-27.333333,6,-31.6,6,73.8.566667-26.166667,6,71.966667,6-37.333333,6-35.1,6,73.1-8.1333-35.1,6,73.194370.6-29.5,6,73.2182
-32.733333,6,73.243526
1.1,6,73.274983
-29.866667,6,73.301411
-26.433333,6,73.323008
-23.466667,6,73.350202
-28.5,6,73.371862
-19.166667,6,73.393675
-5.566667,6,73.414308
-17.366667,6,73.431463
-11.533333,6,73.472043
-4.833333,6,73.525792
-22.133333,6,73.568552
-22.2,6,73.604708
-24.866667,6,73.634298
-33.166667,6,73.6571-28.-24.133333,6,73.6817-9.11.7,6,73.70718-43-20.2,6,73.748413
-36.8,6,73.778057
-36.833333,6,73.8044-38.-28.133333,6,73.8362-37.-11.066667,6,73.8657-17.-27.3,6,73.892259
-22.1,6,73.928156
-19.733333,6,73.958237-1-26.1,6,73.988178-312.233333,6,74.005502--10.8,6,74.0214441-7.4,6,74.040064
14.8,6,74.059272
-25.433333,6,74.081379--14.366667,6,74.1041521-23.466667,6,74.13247166-34.7,6,74.170836
-25.766667,6,74.220645
-10.0,6,74.256006
-35.066667,6,74.302427
-17.533333,6,74.342-38.9-19.9,6,74.369129
-9.366667,6,74.389603
-32.233333,6,74.418923
-12.433333,6,74.4378-12.-7.8,6,74.46785-14-9.233333,6,74.494192-4-14.633333,6,74.521296-24.366667,6,74.551743
-32.866667,6,74.575598
-31.066667,6,74.605246
-13.566667,6,74.626-23.8-30.033333,6,74.650-29.5-16.166667,6,74.674-19.9-13.533333,6,74.701-13.2-38.3,6,74.72-22.5,-10.066667,6,-25.7,6,74.-35.5666-28.933333,6,74.-28.9666-21.733333,6,74.-21.3666-20.4,6,74.83533-35-20.266667,6,74.-5.6666-26.333333,6,74.-9.93333-20.166667,6,74-38.26666-22.3,6,74.9520-39.-22.066667,6,74.976-21.4-15.833333,6,75.003-25.89.366667,6,75.02674-26-21.733333,6,75.2.233333-19.666667,6,7-36.233333-51.333333,6,7-16.2,6,75-22.7,6,7-22.833333,6,75.149299
-25.133333,6,75.174167
-17.333333,6,75.200662
-4.3,6,75.230179
-17.533333,6,75.245335
-4.6,6,75.266603
-22.433333,6,75.28513
-5.2,6,75.303962
-37.133333,6,75.32675
-29.133333,6,75.351487
-23.566667,6,75.377222
-15.066667,6,75.405137
-19.566667,6,75.430267-1-23.833333,6,75.447326-2-27.633333,6,75.46983-20-24.666667,6,75.51301-35-22.933333,6,75.54421-31-7.033333,6,75.577433-1-29.566667,6,75.613793-1-41.2,6,75.635454-9-9.833333,6,75.6-26.9,-30.7,6,75.70-25.9,3.8,6,75.733-16.4-27.433333,6,75.758-30.3-19.0,6,75.786-32.7-21.133333,6,7-21.666667-18.933333,6,7-17.166667-13.0,6,75.872-34.5-28.5,6,75.907-31.1-5.566667,6,75.9335-35.-25.866667,6,75.9636-21-18.633333,6,75.99542-20-4.733333,6,76.0-9.6666-25.3,6,76.04337-14-1.233333,6,76.063129-1-14.2,6,76.090673-2-24.733333,6,76.1-18.833-4.1,6,76.1427093-30.8,6,76.49102-24-44.033333,6,76.52195-9.-8.0,6,76.56959-26-4.4,6,76.592776
-20.8,6,76.612386
-12.4,6,76.642821
-11.533333,6,76.66443
-33.7,6,76.69206
-22.2,6,76.722261
-17.233333,6,76.733929
-17.133333,6,76.747819
-19.866667,6,76.767563
-23.666667,6,76.791602
-20.366667,6,76.808122
-8.166667,6,76.830294
-17.833333,6,76.862698
170.8,6,76.894043
-14.266667,6,76.92397
-12.5,6,76.947788
-24.2,6,76.976303
-34.433333,6,77.004817
-16.666667,6,77.030711
-14.666667,6,77.05471
-48.9,6,77.076507
-22.333333,6,77.100997
-22.1,6,77.131852
-13.233333,6,77.15688
-8.566667,6,77.182878
-12.633333,6,77.206975-3-22.266667,6,77.2332791.-12.1,6,77.261379
-27.933333,6,77.283455
-34.533333,6,77.311671
-16.233333,6,77.339-2.9,-35.333333,6,-40.0,6,77.-32.1333-33.766667,6,77.-35.5666-22.566667,6,77.-16.5333-29.966667,6,77.-12.0333-25.666667,6,77.-7.83333-30.366667,6,77-17.9,6,96.066667,6-16.2,6,97.-38.4,6,-31.033333,-24.866667,6,-30.0666672.6,6,97.52508-35-12.7,6,97.6234-24.3.866667,6,97.-14.0333-0.866667,6,97.7-11.433-10.666667,6,97.8-32.033-20.5,6,97.932017-22.966667,6,97.999786
-1.8,6,98.062714
-17.033333,6,98.187852
-27.933333,6,98.246415
-29.733333,6,98.337691
-8.4,6,98.414208
-33.933333,6,98.50641
-26.4,6,98.607645
-2.3,6,98.688991
-13.2,6,98.754001
-21.266667,6,98.855393
-35.366667,6,98.926175
-21.466667,6,99.056886
-15.566667,6,99.125927
-14.133333,6,99.208515
-10.0,6,99.278014
-25.666667,6,99.360408
-9.033333,6,99.447055
-26.633333,6,99.566516
-31.8,6,99.695864
4.566667,6,99.800358
-20.066667,6,99.882829
-8.4,6,99.953631
-27.666667,6,100.017731
-42.533333,6,100.120846
-13.5,6,100.214556
-54.166667,6,100.295415
-22.5,6,100.382984
-26.2,6,100.448529
-38.5,6,100.497187
-19.066667,6,100.575132
-23.6,6,100.631567
-3.766667,6,100.693285
-20.166667,6,100.765177
-33.366667,6,100.845033
3.0,6,100.913615
-31.6,6,100.978873
-19.066667,6,101.060954
4.166667,6,101.128436
-22.966667,6,101.198844
-25.433333,6,101.268441
-37.6,6,101.360135
-16.4,6,101.436502
-13.8,6,101.541935
-22.533333,6,101.651279
-3.666667,6,101.732713
-26.466667,6,101.809742
-10.333333,6,101.877806
1.3,6,101.964654
-16.7,6,102.055382
-11.1,6,102.122989
4.6,6,102.195502
-33.6,6,102.390178
-43.5,6,102.466236
-32.6,6,102.577163
-9.233333,6,102.65759
-31.8,6,102.747052
-30.3,6,102.869309
-37.233333,6,102.966237
-15.6,6,103.054088
-42.033333,6,103.155506
-36.066667,6,103.283671
-28.566667,6,103.346654
-27.966667,6,103.412724
-41.466667,6,103.513249
-22.2,6,103.60578
-13.533333,6,103.678443
-15.7,6,103.780404
-7.933333,6,103.862119
7.2,6,103.954183
-19.466667,6,104.019721
-3.066667,6,104.127598
-24.533333,6,104.220013
-14.7,6,104.288877
-26.566667,6,104.409243
-4.5,6,104.489132
-32.1,6,104.568145
-22.9,6,104.656671
-31.2,6,104.752945
-36.333333,6,104.82724
-21.5,6,104.880827
-16.333333,6,104.962589
-23.733333,6,105.052973
-25.866667,6,105.129838
4.133333,6,105.217876
-26.766667,6,105.306408
-1.8,6,105.378885
182.3,6,105.485026
-21.233333,6,105.565584
-21.033333,6,105.634368
-18.7,6,105.704009
-1.7,6,105.768189
-5.9,6,105.825119
7.4,6,105.914998
-25.1,6,106.002375
-3.566667,6,106.090882
-6.333333,6,106.177438
-26.733333,6,106.256639
-13.866667,6,106.296267
-4.066667,6,106.360555
-17.166667,6,106.421982
-12.566667,6,106.499636
-28.733333,6,106.6349
-23.266667,6,106.746869
-35.433333,6,106.871804
-38.8,6,106.967578
-32.7,6,107.059918
-14.0,6,107.176913
-8.4,6,107.249655
-18.966667,6,107.324694
-31.7,6,107.431893
-25.666667,6,107.544245
-20.666667,6,107.622829
-27.9,6,107.756979
-11.566667,6,107.812056
22.933333,6,107.879226
-27.433333,6,107.95768
-6.133333,6,108.013372
-23.466667,6,108.129079
-14.766667,6,108.233371
2.7,6,108.345366
-17.7,6,108.405346
-32.966667,6,108.485758
-38.9,6,108.568407
-31.433333,6,108.642064
-22.833333,6,108.758918
-5.7,6,108.875562
-28.066667,6,109.047305
-26.533333,6,109.128403
-29.0,6,109.219092
4.066667,6,109.296102
-22.7,6,109.3893
-34.7,6,109.475851
-4.466667,6,109.550444
-24.533333,6,109.629421
-15.4,6,109.70797
-21.9,6,109.797482
-34.333333,6,109.921315
-0.466667,6,109.994543
-32.966667,6,110.075337
-21.433333,6,110.175666
-14.666667,6,110.218533
-26.0,6,110.301709
-7.6,6,110.418139
-30.0,6,110.537641
-29.866667,6,110.611845
-17.033333,6,110.686779
-12.533333,6,110.778942
-13.233333,6,110.864599
-30.3,6,110.963604
-22.4,6,111.040069
-27.566667,6,111.11707
12.466667,6,111.239675
-26.166667,6,111.319892
-27.1,6,111.404251
-4.933333,6,111.468316
-5.566667,6,111.56633
-9.333333,6,111.611809
2.266667,6,111.700494
0.6,6,111.780584
-33.666667,6,111.87418
-37.266667,6,111.931128
-9.8,6,112.011641
-40.2,6,112.128759
-26.466667,6,112.189459
-30.666667,6,112.27398
-17.0,6,112.390608
-28.4,6,112.511989
-49.3,6,112.579245
-32.1,6,112.687379
-5.1,6,112.779265
-25.233333,6,112.875856
-54.433333,6,112.981187
-26.533333,6,113.037792
-11.6,6,113.138195
-4.1,6,113.216655
-18.033333,6,113.283804
-26.6,6,113.471217
-30.866667,6,113.558693
-15.1,6,113.64677
-16.033333,6,113.69738
167.033333,4,113.779919
16.933333,6,113.851638
-41.233333,6,113.930607
-14.833333,6,113.989715
-18.1,6,114.065999
-9.733333,6,114.164131
-9.633333,6,114.223598
-34.333333,6,114.319788
-16.2,6,114.387214
-3.533333,6,114.435113
13.3,6,114.51872
-23.433333,6,114.592741
-36.1,6,114.685137
-16.133333,6,114.768877
-0.333333,6,114.863676
-34.6,6,114.926714
-27.933333,6,115.007951
-5.4,6,115.091647
-7.4,6,115.157631
-6.466667,6,115.253119
-39.066667,6,115.355041
-31.033333,6,115.537854
-5.9,6,115.650236
-8.6,6,115.766617
-25.4,6,115.832895
-23.266667,6,115.888073
-9.533333,6,115.973731
-27.433333,6,116.067054
-21.5,6,116.147659
-8.133333,6,116.214661
-6.266667,6,116.27064
-17.1,6,116.379473
-25.2,6,116.473266
-21.0,6,116.548517
-13.8,6,116.613145
-8.8,6,116.676975
-1.6,6,116.753159
-27.933333,6,116.841118
-22.7,6,116.924403
-36.6,6,117.007057
-9.7,6,117.105521
-15.2,6,117.174902
-33.866667,6,117.253569
-34.2,6,117.314928
-5.8,6,117.379918
-26.433333,6,117.464559
-12.5,6,117.611388
-37.833333,6,117.675992
-34.166667,6,117.743982
-21.533333,6,117.818959
7.733333,6,117.908507
-36.6,6,118.006912
-15.166667,6,118.055651
-9.9,6,118.14595
-29.433333,6,118.251318
11.233333,6,118.320951
-8.466667,6,118.426426
-17.5,6,118.50998
-27.933333,6,118.589275
-13.333333,6,118.645825
-25.733333,6,118.736315
-25.933333,6,118.788828
-28.133333,6,118.869235
-13.333333,6,118.950668
-10.5,6,119.029384
-39.466667,6,119.083453
-26.7,6,119.167244
-8.866667,6,119.21843
-39.3,6,119.321568
-17.133333,6,119.40446
-25.6,6,119.457503
7.5,6,119.635701
-24.6,6,119.729758
-27.633333,6,119.790801
-16.7,6,119.840191
-33.7,6,119.937836
-17.233333,6,120.017558
-6.1,6,120.107928
-14.8,6,120.213267
-19.4,6,120.267907
-32.966667,6,120.359772
-10.8,6,120.427129
-30.966667,6,120.497937
-18.066667,6,120.589765
-6.566667,6,120.647183
-28.9,6,120.741688
-17.7,6,120.775394
-3.933333,6,120.912513
-8.133333,6,121.023067
-27.566667,6,121.088717
-2.733333,6,121.159864
-25.133333,6,121.249583
2.933333,6,121.345284
-54.066667,6,121.457662
-29.033333,6,121.574751
-33.033333,6,121.669711
-19.733333,6,121.809365
-11.933333,6,121.901436
-21.5,6,121.949978
-24.933333,6,122.023885
-14.266667,6,122.146237
-33.0,6,122.229126
-22.166667,6,122.312613
-11.166667,6,122.408112
-38.733333,6,122.511021
-33.2,6,122.568475
-19.333333,6,122.631933
-34.933333,6,122.714502
-28.4,6,122.807357
-22.666667,6,122.868142
-28.133333,6,122.960193
-27.6,6,123.02977
-11.866667,6,123.114256
-20.4,6,123.199498
-5.633333,6,123.272246
-18.3,6,123.397382
-9.2,6,123.484566
-10.7,6,123.559868
-5.633333,6,123.626254
168.133333,5,123.693883
-16.733333,6,123.784558
-28.133333,6,123.904385
-31.2,6,123.962968
-28.133333,6,124.067708
2.633333,6,124.124777
-26.333333,6,124.195954
-15.266667,6,124.272737
-26.166667,6,124.350819
-28.133333,6,124.408518
-35.333333,6,124.50002
-22.3,6,124.601909
-34.933333,6,124.70487
-1.533333,6,124.758943
-6.166667,6,124.825887
-19.5,6,124.94089
-21.566667,6,125.029872
-36.666667,6,125.10631
-29.833333,6,125.197156
-25.433333,6,125.283423
-3.0,6,125.345595
-10.833333,6,125.413643
-4.033333,6,125.518716
-35.166667,6,125.615417
-29.866667,6,125.726145
-5.933333,6,125.826869
-29.5,6,125.931718
-32.266667,6,126.128591
12.4,6,126.196472
0.333333,6,126.262666
-29.733333,6,126.338306
-4.6,6,126.417575
-20.9,6,154.192266
-24.566667,6,154.282445
8.933333,6,154.339125
-2.6,6,154.403031
-13.366667,6,154.508265
-22.9,6,154.597223
-43.366667,6,154.670416
-2.0,6,154.739661
-17.566667,6,154.819148
-24.2,6,154.905883
-19.3,6,154.984023
-24.566667,6,155.09517
4.9,6,155.161829
-25.333333,6,155.278576
-28.0,6,155.539252
-15.766667,6,155.65757
7.7,6,155.760795
-21.666667,6,155.819956
-34.033333,6,155.878784
-18.4,6,155.992692
-18.833333,6,156.047445
-24.4,6,156.103405
-26.5,6,156.181864
-8.7,6,156.271668
-26.9,6,156.343873
-25.433333,6,156.416281
-19.8,6,156.48149
-14.5,6,156.559603
-5.433333,6,156.633227
-1.1,6,156.682059
4.033333,6,156.747444
-23.433333,6,156.82817
170.7,2,156.856212
-35.833333,6,156.94711
-15.1,6,157.007135
-31.3,6,157.081888
-35.9,6,157.148804
-22.8,6,157.215872
-32.533333,6,157.306072
-19.633333,6,157.388164
-36.833333,6,157.493526
-33.2,6,157.56394
-26.333333,6,157.660736
-15.6,6,157.782807
-15.233333,6,157.879213
-27.033333,6,157.97957
-18.7,6,158.051164
-41.4,6,158.154295
-17.666667,6,158.23587
-13.2,6,158.319107
-28.0,6,158.421839
-15.233333,6,158.498246
-28.233333,6,158.577747
-15.7,6,158.642183
-3.733333,6,158.711046
-12.366667,6,158.781778
-15.966667,6,158.871049
-19.933333,6,158.951686
-8.766667,6,159.044594
-14.2,6,159.109126
-22.333333,6,159.186366
-31.6,6,159.276462
-27.8,6,159.349633
-51.2,6,159.412808
-27.233333,6,159.508419
-26.766667,6,159.597558
-25.3,6,159.643079
-33.233333,6,159.738515
-16.066667,6,159.806463
-19.9,6,159.93782
-22.966667,6,160.012033
187.3,5,160.067201
-13.8,6,160.150067
-9.766667,6,160.226917
-13.4,6,160.301843
-16.666667,6,160.408248
1.666667,6,160.495913
-16.933333,6,160.59764
-37.333333,6,160.719341
-22.9,6,160.816647
-27.566667,6,160.877145
-16.4,6,160.941887
-25.866667,6,161.058321
-31.066667,6,161.107547
-10.533333,6,161.224408
13.933333,6,161.325314
-11.1,6,161.3823
-16.333333,6,161.487891
-28.433333,6,161.584966
-14.533333,6,161.703606
-29.9,6,161.833117
-26.0,6,161.927244
5.433333,6,162.016273
-2.2,6,162.08566
152.4,5,162.160918
3.566667,6,162.277292
-14.233333,6,162.358086
-0.566667,6,162.429205
-47.5,6,162.497796
-37.5,6,162.555627
-22.533333,6,162.666126
-20.733333,6,162.767197
-19.966667,6,162.857327
-17.4,6,162.942765
-28.566667,6,163.051922
-19.566667,6,163.152827
-12.033333,6,163.227149
-30.133333,6,163.34362
-28.733333,6,163.412376
-10.4,6,163.494119
-9.833333,6,163.566079
-41.133333,6,163.650239
-9.9,6,163.754308
-7.733333,6,163.833869
-22.633333,6,163.932827
-13.3,6,164.045228
-29.033333,6,164.128872
-5.166667,6,164.192523
-34.433333,6,164.286711
-7.266667,6,164.356897
-33.0,6,164.491457
-9.9,6,164.558995
-29.566667,6,164.627356
-14.366667,6,164.713902
-10.166667,6,164.770684
-36.2,6,164.841806
-33.4,6,164.897185
-19.566667,6,164.993779
-11.866667,6,165.062764
-34.433333,6,165.157411
-24.5,6,165.219908
-11.566667,6,165.291533
-15.633333,6,165.372499
-1.433333,6,165.440277
-27.1,6,165.545618
-20.833333,6,165.631408
-23.266667,6,165.724497
-21.066667,6,165.854707
-29.266667,6,165.947402
-20.433333,6,166.031624
-20.066667,6,166.119014
-21.266667,6,166.209595
-26.2,6,166.324739
-31.933333,6,166.423353
-24.766667,6,166.615088
-26.4,6,166.714849
-32.733333,6,166.775224
-25.233333,6,166.83939
-14.6,6,166.924646
-8.733333,6,167.008497
-11.6,6,167.103113
4.4,6,167.201145
-34.266667,6,167.27054
-18.166667,6,167.354918
-22.333333,6,167.43919
-19.366667,6,167.53234
-0.8,6,167.615978
-11.833333,6,167.708647
-23.466667,6,167.828753
-25.7,6,167.891138
-10.366667,6,167.980959
-13.633333,6,168.067102
-5.333333,6,168.138982
-17.933333,6,168.208891
-12.5,6,168.297718
-26.933333,6,168.382684
-6.6,6,168.463745
-31.8,6,168.57587
-14.6,6,168.681065
-15.3,6,168.790513
-10.933333,6,168.847579
-17.633333,6,168.945793
-14.233333,6,169.075027
-27.9,6,169.177849
-19.1,6,169.249478
-19.3,6,169.322834
3.366667,6,169.39644
-25.9,6,169.499877
-35.033333,6,169.558636
-21.9,6,169.626143
-37.4,6,169.688712
-25.033333,6,169.789739
-14.1,6,169.87043
-17.833333,6,169.940754
-20.566667,6,170.013661
-28.733333,6,170.109617
-13.066667,6,170.24308
-22.033333,6,170.341703
-9.8,6,170.407384
-12.233333,6,170.526299
-19.033333,6,170.624153
-15.933333,6,170.676609
-4.1,6,170.773671
-0.466667,6,170.854491
-20.566667,6,171.079997
-25.266667,6,171.152529
-6.5,6,171.242357
-34.366667,6,171.334895
-38.9,6,171.442357
-28.666667,6,171.52541
-30.8,6,171.58426
7.633333,6,171.639254
-14.433333,6,171.704258
-9.566667,6,171.790045
-25.866667,6,171.876988
-22.1,6,171.960866
-19.8,6,172.02621
-23.066667,6,172.100524
1.066667,6,172.174814
-4.266667,6,172.254272
-29.066667,6,172.325714
-17.8,6,172.394158
-21.966667,6,172.447452
-25.0,6,172.511853
-4.6,6,172.594832
-26.833333,6,172.692777
-27.833333,6,172.777487
-22.6,6,172.87244
-20.566667,6,172.932679
-18.333333,6,173.096589
-32.933333,6,173.186291
-28.333333,6,173.249175
8.433333,6,173.308332
10.1,6,173.376671
-23.8,6,173.439406
-37.966667,6,173.518426
-33.533333,6,173.619626
-2.7,6,173.690843
-31.966667,6,173.772443
-13.433333,6,173.835191
-28.333333,6,173.916655
-12.4,6,173.978433
-35.233333,6,174.052604
-4.033333,6,174.094955
-23.8,6,174.179943
-22.833333,6,174.301137
-23.466667,6,174.408467
169.6,3,174.44891
-24.5,6,174.531531
-39.4,6,174.608496
-23.9,6,174.676267
-6.333333,6,174.758707
-18.0,6,174.840927
-31.133333,6,174.955159
-9.066667,6,175.114006
-18.666667,6,175.18573
-6.866667,6,175.272991
-41.466667,6,175.389893
-35.333333,6,175.461739
-12.5,6,175.565056
-13.1,6,175.651021
-41.066667,6,175.720518
-28.0,6,175.802489
-14.033333,6,175.889589
-15.033333,6,175.991748
-27.1,6,176.059734
-24.533333,6,176.135169
-18.1,6,176.181584
-0.7,6,176.335968
-6.866667,6,176.423293
-36.266667,6,176.495072
-13.533333,6,176.57595
-24.0,6,176.65934
-33.033333,6,176.764408
-29.233333,6,176.863475
-21.833333,6,176.95955
-28.333333,6,177.036132
-30.266667,6,177.099728
8.466667,6,177.181563
-33.033333,6,177.375292
-14.766667,6,177.530896
-29.8,6,177.625048
-22.933333,6,177.703453
-12.233333,6,177.779634
-29.8,6,177.860182
-28.966667,6,177.94522
-39.133333,6,178.055726
-23.233333,6,178.120472
-22.1,6,178.190535
-61.466667,6,178.260672
-17.366667,6,178.342967
-41.133333,6,178.423485
-4.733333,6,178.515954
-19.6,6,178.606844
-29.066667,6,178.713548
-49.8,6,178.850004
1.533333,6,178.920758
-29.0,6,179.009774
-30.466667,6,179.101709
-25.433333,6,179.148885
-15.766667,6,179.206877
-20.4,6,179.277198
-19.0,6,179.329307
-25.266667,6,179.429962
-8.766667,6,179.625011
-17.533333,6,179.706059
-17.133333,6,179.803517
-22.2,6,179.901084
-22.233333,6,179.975947
-7.166667,6,180.03239
-20.433333,6,180.13523
4.533333,6,180.208076
-22.066667,6,180.280607
-6.9,6,180.345736
-14.733333,6,180.429817
-26.933333,6,180.480859
-2.666667,6,180.592689
16.0,6,180.683997
-13.833333,6,180.770341
3.033333,6,180.852988
-27.4,6,180.932298
-7.8,6,181.018712
-21.1,6,181.124685
-4.1,6,181.206594
-12.0,6,181.313628
-25.666667,6,181.439297
-7.966667,6,181.515189
-7.533333,6,181.565292
-9.3,6,181.644173
-0.133333,6,181.756651
-22.066667,6,181.835574
-36.766667,6,181.917152
-7.3,6,181.996621
-14.533333,6,182.075168
-20.933333,6,182.159693
-18.366667,6,182.226452
-3.0,6,182.304913
-28.333333,6,182.391561
-18.333333,6,182.470603
-35.233333,6,182.56667
-27.066667,6,182.659703
-22.366667,6,182.751046
-13.366667,6,182.827072
-20.7,6,182.913589
-39.066667,6,183.010051
7.566667,6,183.074947
-25.766667,6,183.169549
-12.1,6,183.274035
-9.3,6,183.362238
-36.666667,6,183.423961
-29.3,6,183.479278
-29.666667,6,183.524637
-27.333333,6,183.600548
-35.6,6,183.265028
-31.366667,6,183.353827
-23.266667,6,183.416064
-19.466667,6,183.472049
1.7,6,183.517253
-24.366667,6,183.584112
33,6,183.586718
1
-10.233333,6,183.075843
-19.533333,6,183.186477
-16.766667,6,183.28342
-41.9,6,183.370462
-37.0,6,183.431643
-25.7,6,183.483614
-19.666667,6,183.529551
-26.333333,6,183.620174
